trial,number,state,value,best_val_loss,crop_scale_min,random_erasing_prob,random_erasing_scale_max,color_jitter_strength,grayscale_prob,gaussian_blur_prob,solarization_prob,datetime_start,datetime_complete,run_dir
trial_0000,0,FAIL,,,0.5310890415965769,0.675357153204958,0.3829984854528513,0.4493292420985183,0.03900466011060913,0.32479561626896214,0.008712541825229918,2026-05-27 17:01:02.031366,2026-05-27 17:01:15.090456,F:\Room_8_Data\SIMCLR\experiments\3_AUGMENTATION_OPTUNA\trial_0000
trial_0001,1,COMPLETE,3.1531951097341686,3.1531951097341686,0.5310890415965769,0.675357153204958,0.3829984854528513,0.4493292420985183,0.03900466011060913,0.32479561626896214,0.008712541825229918,2026-05-27 17:03:02.622621,2026-05-27 22:28:17.807437,F:\Room_8_Data\SIMCLR\experiments\3_AUGMENTATION_OPTUNA\trial_0001
trial_0002,2,COMPLETE,2.9515784575388984,2.9515784575388984,0.7031616510212273,0.5005575058716043,0.3770181444490114,0.16029224714790122,0.24247746304049858,0.8659541126403374,0.03185086660174142,2026-05-27 22:28:17.932221,2026-05-28 02:49:36.321046,F:\Room_8_Data\SIMCLR\experiments\3_AUGMENTATION_OPTUNA\trial_0002
trial_0003,3,COMPLETE,3.033976879486671,3.033976879486671,0.4636387385224852,0.2917022549267169,0.27606056073988444,0.4123782158161189,0.10798625466052894,0.43298331215843355,0.09177793420835692,2026-05-28 02:49:36.495587,2026-05-28 06:55:08.517507,F:\Room_8_Data\SIMCLR\experiments\3_AUGMENTATION_OPTUNA\trial_0003
trial_0004,4,PRUNED,3.6432329526314366,3.6432329526314366,0.44882285122821464,0.34607232426760903,0.29159046082342294,0.378034992108518,0.1962939903482534,0.3597390257266878,0.07713516576204174,2026-05-28 06:55:08.695988,2026-05-28 08:00:03.035046,F:\Room_8_Data\SIMCLR\experiments\3_AUGMENTATION_OPTUNA\trial_0004
trial_0005,5,COMPLETE,2.9184800322239215,2.9184800322239215,0.6073450991017149,0.22322520635999887,0.3518862129753596,0.23526206184364576,0.01626289824631988,0.9591084298026666,0.1448448049611839,2026-05-28 08:00:03.452127,2026-05-28 12:20:52.644715,F:\Room_8_Data\SIMCLR\experiments\3_AUGMENTATION_OPTUNA\trial_0005
trial_0006,6,COMPLETE,2.8562533965477575,2.8562533965477575,0.6829390718407614,0.35230688458668535,0.22441802850159598,0.4921165132560784,0.11003812343490033,0.2976305878758231,0.07427653651669053,2026-05-28 12:20:52.789957,2026-05-28 16:22:48.782242,F:\Room_8_Data\SIMCLR\experiments\3_AUGMENTATION_OPTUNA\trial_0006
trial_0007,7,PRUNED,3.7889265665641196,3.7889265665641196,0.41203598239032646,0.6546602010393909,0.26469499540000424,0.481261142176991,0.07792776902235274,0.6160544169422486,0.08200654190149194,2026-05-28 16:22:48.922460,2026-05-28 17:30:42.056490,F:\Room_8_Data\SIMCLR\experiments\3_AUGMENTATION_OPTUNA\trial_0007
trial_0008,8,PRUNED,3.8025313432400045,3.8025313432400045,0.46469905943393447,0.6847923138822792,0.39378320584027865,0.6197494707820945,0.2237068376069122,0.6783199830488682,0.13828113525346752,2026-05-28 17:30:42.483468,2026-05-28 18:39:45.176267,F:\Room_8_Data\SIMCLR\experiments\3_AUGMENTATION_OPTUNA\trial_0008
trial_0009,9,PRUNED,3.5843964246603157,3.5843964246603157,0.4309723757181718,0.2979914312095726,0.21130682222763453,0.31266516538163214,0.0971693224223705,0.41707922541911674,0.12431062637278939,2026-05-28 18:39:45.645971,2026-05-28 19:54:58.580827,F:\Room_8_Data\SIMCLR\experiments\3_AUGMENTATION_OPTUNA\trial_0009
trial_0010,10,PRUNED,3.5234592474423923,3.5234592474423923,0.5248636643427562,0.34046725484369034,0.3356740207895621,0.22046211248738132,0.20054924518850992,0.2596405149438167,0.1480330404900776,2026-05-28 19:54:59.072928,2026-05-28 21:00:19.019469,F:\Room_8_Data\SIMCLR\experiments\3_AUGMENTATION_OPTUNA\trial_0010
trial_0011,11,PRUNED,3.4162775626549355,3.4162775626549355,0.741749444123751,0.47942544912873375,0.4423842776969664,0.5852468198873464,0.16002212561688903,0.5251430879330115,0.049656912257487626,2026-05-28 21:00:19.508872,2026-05-28 22:07:39.538921,F:\Room_8_Data\SIMCLR\experiments\3_AUGMENTATION_OPTUNA\trial_0011
trial_0012,12,COMPLETE,2.842947932390066,2.842947932390066,0.6372735133413779,0.21074471649979246,0.20171659918864523,0.5286594745277076,0.0019488703959113438,0.9398094367951333,0.11189595606389058,2026-05-28 22:07:40.018392,2026-05-29 02:33:13.165040,F:\Room_8_Data\SIMCLR\experiments\3_AUGMENTATION_OPTUNA\trial_0012
trial_0013,13,COMPLETE,2.84971262216568,2.84971262216568,0.6428046768236377,0.2063156629208805,0.20273498364162149,0.5338129988503957,0.05572305950229454,0.7606208341694342,0.11070546696647418,2026-05-29 02:33:13.356055,2026-05-29 06:49:11.636134,F:\Room_8_Data\SIMCLR\experiments\3_AUGMENTATION_OPTUNA\trial_0013
trial_0014,14,COMPLETE,2.85491065795605,2.85491065795605,0.6345796967725409,0.2094293383061654,0.20609753896636954,0.5548846816723593,0.05582441304018785,0.7728497957177012,0.10679667033201179,2026-05-29 06:49:11.778954,2026-05-29 11:06:06.075100,F:\Room_8_Data\SIMCLR\experiments\3_AUGMENTATION_OPTUNA\trial_0014
trial_0015,15,PRUNED,3.375192244236286,3.375192244236286,0.6278555311100581,0.4282716783254815,0.24732724307233359,0.5347963899345074,0.006387373702635868,0.9981023143444911,0.11190182342710701,2026-05-29 11:06:06.216538,2026-05-29 12:17:06.737610,F:\Room_8_Data\SIMCLR\experiments\3_AUGMENTATION_OPTUNA\trial_0015
trial_0016,16,PRUNED,3.5584874171477097,3.5584874171477097,0.5691409692236421,0.5649174147658508,0.3113737820445477,0.6440451774023498,0.04898224713796136,0.7968588748473884,0.1036357626866444,2026-05-29 12:17:07.272474,2026-05-29 13:26:49.814668,F:\Room_8_Data\SIMCLR\experiments\3_AUGMENTATION_OPTUNA\trial_0016
trial_0017,17,COMPLETE,2.8525057389185977,2.8525057389185977,0.6683732239846265,0.2611680509791423,0.25131580260548936,0.3627947321819144,0.14489151236651618,0.8357162912896711,0.12486390812536342,2026-05-29 13:26:50.249887,2026-05-29 17:46:19.978281,F:\Room_8_Data\SIMCLR\experiments\3_AUGMENTATION_OPTUNA\trial_0017
trial_0018,18,PRUNED,3.436978584069472,3.436978584069472,0.5887592883026324,0.40270133462341806,0.2310890365601111,0.5305304594988683,0.005764489659419402,0.6872299502065424,0.06255221023847993,2026-05-29 17:46:20.120027,2026-05-29 18:54:28.353303,F:\Room_8_Data\SIMCLR\experiments\3_AUGMENTATION_OPTUNA\trial_0018
trial_0019,19,COMPLETE,2.77376687343304,2.77376687343304,0.7400678891689445,0.2012792283530576,0.2009689670978414,0.44287315713019293,0.07742519492917913,0.9144499586960764,0.12266982149356377,2026-05-29 18:54:28.818810,2026-05-29 23:31:29.612420,F:\Room_8_Data\SIMCLR\experiments\3_AUGMENTATION_OPTUNA\trial_0019
trial_0020,20,COMPLETE,2.8291640969423146,2.8291640969423146,0.7456256246066187,0.272903019354219,0.3076130207259027,0.3188622254879676,0.0780242380286119,0.916587035127982,0.1255004564984294,2026-05-29 23:31:29.815229,2026-05-30 03:53:26.674798,F:\Room_8_Data\SIMCLR\experiments\3_AUGMENTATION_OPTUNA\trial_0020
trial_0021,21,PRUNED,3.3395896196365356,3.3395896196365356,0.749768522844642,0.27370979386747507,0.4486563237961018,0.31219758938664754,0.13764236145007985,0.9015730354137957,0.12948198849757803,2026-05-30 03:53:26.815234,2026-05-30 05:20:48.795677,F:\Room_8_Data\SIMCLR\experiments\3_AUGMENTATION_OPTUNA\trial_0021
trial_0022,22,COMPLETE,2.8348987478476304,2.8348987478476304,0.7160885855228186,0.24489277976470653,0.2924604204843825,0.44127989536918716,0.0693227668289313,0.9232290941554502,0.0961498050148561,2026-05-30 05:20:49.297615,2026-05-30 09:42:46.445676,F:\Room_8_Data\SIMCLR\experiments\3_AUGMENTATION_OPTUNA\trial_0022
trial_0023,23,PRUNED,3.0552736630806554,3.0552736630806554,0.7193525528595527,0.25140954097344187,0.3082176074710883,0.3175077460103225,0.08191879490397537,0.8858490080673328,0.09397762372880483,2026-05-30 09:42:46.624985,2026-05-30 12:01:27.247267,F:\Room_8_Data\SIMCLR\experiments\3_AUGMENTATION_OPTUNA\trial_0023
trial_0024,24,PRUNED,3.359629467817453,3.359629467817453,0.7144358798554631,0.31904872128787576,0.34118260063278255,0.42250496506765783,0.07968564899903918,0.7078060069769485,0.13097136427828085,2026-05-30 12:01:27.774428,2026-05-30 13:09:35.133939,F:\Room_8_Data\SIMCLR\experiments\3_AUGMENTATION_OPTUNA\trial_0024
trial_0025,25,PRUNED,3.3467938056358926,3.3467938056358926,0.6855426785198342,0.39076705424944386,0.28944451343249494,0.3592564209398992,0.12237197719343373,0.9927884149340305,0.08973732813464921,2026-05-30 13:09:35.610973,2026-05-30 14:20:18.899768,F:\Room_8_Data\SIMCLR\experiments\3_AUGMENTATION_OPTUNA\trial_0025
trial_0026,26,PRUNED,3.189017708484943,3.189017708484943,0.7333509858719968,0.2528355205298705,0.3174537085688176,0.4597581744228751,0.033231849145818414,0.8247772038021559,0.11966591940590696,2026-05-30 14:20:19.358583,2026-05-30 16:03:34.926140,F:\Room_8_Data\SIMCLR\experiments\3_AUGMENTATION_OPTUNA\trial_0026
trial_0027,27,PRUNED,3.3656996525250946,3.3656996525250946,0.663745623584495,0.2470920786594883,0.4094801519680585,0.2698166329605969,0.07243639650979702,0.914206965530395,0.09949392905549713,2026-05-30 16:03:35.410757,2026-05-30 17:13:04.124055,F:\Room_8_Data\SIMCLR\experiments\3_AUGMENTATION_OPTUNA\trial_0027
trial_0028,28,PRUNED,3.3902490083987895,3.3902490083987895,0.6959891748124998,0.2965808931654277,0.3598730920156896,0.39633672140372045,0.09504741918282877,0.5689414046156097,0.06161137174009014,2026-05-30 17:13:04.596978,2026-05-30 18:19:51.906907,F:\Room_8_Data\SIMCLR\experiments\3_AUGMENTATION_OPTUNA\trial_0028
trial_0029,29,PRUNED,3.294342715923603,3.294342715923603,0.7213649681250506,0.3830630911985582,0.2824777052660241,0.33920942690154954,0.0651544660837445,0.7401957319683966,0.1366855639010188,2026-05-30 18:19:52.474494,2026-05-30 19:55:31.559183,F:\Room_8_Data\SIMCLR\experiments\3_AUGMENTATION_OPTUNA\trial_0029
trial_0030,30,PRUNED,3.593861064544091,3.593861064544091,0.5364739734121665,0.5534164643549822,0.24870136856820374,0.4395545161229144,0.030855231279943288,0.8404145122149991,0.12037892698940025,2026-05-30 19:55:32.071937,2026-05-30 21:07:15.998209,F:\Room_8_Data\SIMCLR\experiments\3_AUGMENTATION_OPTUNA\trial_0030
trial_0031,31,COMPLETE,2.803761560183305,2.803761560183305,0.7499218311989673,0.23367254179678665,0.3048898462644657,0.28118924588651883,0.16459598365593983,0.2002096898437707,0.00330065054446696,2026-05-30 21:07:16.525370,2026-05-31 01:07:10.421027,F:\Room_8_Data\SIMCLR\experiments\3_AUGMENTATION_OPTUNA\trial_0031
trial_0032,32,COMPLETE,2.8091937945439267,2.8091937945439267,0.7413706107310618,0.23171792003354713,0.3030072452123942,0.2742271810359628,0.168140286480308,0.4862083487227354,0.007989814950613607,2026-05-31 01:07:10.569915,2026-05-31 05:14:24.676020,F:\Room_8_Data\SIMCLR\experiments\3_AUGMENTATION_OPTUNA\trial_0032
trial_0033,33,COMPLETE,2.783912014961243,2.783912014961243,0.7424224630239804,0.20185074599413957,0.32639400343598096,0.26634143803668603,0.16821876157168242,0.4616065211703595,0.001081966270590434,2026-05-31 05:14:24.864982,2026-05-31 09:20:20.799185,F:\Room_8_Data\SIMCLR\experiments\3_AUGMENTATION_OPTUNA\trial_0033
trial_0034,34,FAIL,,,0.6997350325471705,0.2030237764076593,0.3763638583984218,0.1737506298047401,0.16995955400667154,0.4717843940131817,0.0027911877461602496,2026-05-31 09:20:20.957087,2026-05-31 09:27:47.227014,F:\Room_8_Data\SIMCLR\experiments\3_AUGMENTATION_OPTUNA\trial_0034
